installer,count
DWE,17402
,3655
Government,1825
RWE,1206
Commu,1060
DANIDA,1050
KKKT,898
Hesawa,840
0,777
TCRS,707
Central government,622
CES,610
Community,553
DANID,552
District Council,551
HESAWA,539
World vision,408
LGA,408
WEDECO,397
TASAF,396
District council,392
Gover,383
AMREF,329
TWESA,316
WU,301
Dmdd,287
ACRA,278
World Vision,270
SEMA,249
DW,246
OXFAM,234
Da,224
Idara ya maji,222
Gove,222
UNICEF,222
Sengerema Water Department,214
Kiliwater,210
NORAD,208
FinW,208
DH,202
Villagers,199
DWSP,192
Distri,181
Lawatefuka water sup,180
Magadini-Makiwaru wa,175
RC,174
FW,173
KKKT _ Konde and DWE,166
Centr,162
WVT,158
MWE,157
Handeni Trunk Main(,156
Is,154
Norad,152
RWSSP,149
Fini Water,149
SHIPO,147
Private,143
Kuwait,142
JAICA,141
Central govt,138
Artisan,135
ISF,135
Fini water,133
GOVER,128
DDCA,126
HE,125
RC CHURCH,125
Tardo,123
World,121
Mission,121
wananchi,119
Ir,119
Consulting Engineer,116
Amref,114
JICA,113
TWE,111
Central Government,110
MUWSA,107
DED,105
WATER AID,103
FINI WATER,103
Halmashauri ya wilaya sikonge,102
Wizara ya maji,100
HSW,100
Jaica,98
Unisef,98
Ki,97
Go,97
OXFARM,96
World Bank,95
Roman,94
Angli,92
VWC,91
DMDD,89
District water department,89
Missi,87
Shipo,86
H,86
AICT,84
MDRDP,84
DA,84
Water board,81
Oikos E .Africa,80
Adra,80
District Water Department,78
Region water Department,77
RC Church,75
CEFA,75
Chamavita,75
Danid,72
LWI,71
Water,71
Wa,69
KKKT CHURCH,69
GOVERNMENT,66
MTN,65
Villa,65
DAWASCO,64
TASSAF,64
GTZ,63
Finwater,62
Losaa-Kia water supp,62
Adra/Community,60
LVIA,60
Wachina,60
FIN WATER,59
Village Council,58
NCAA,57
Adra /Community,55
ADRA,55
GEN,55
RDC,55
Co,55
TLC,55
Priva,54
Communit,54
DHV,54
St,54
Pr,53
RWE/DWE,52
RC Ch,52
Local te,52
wanan,52
CDTF,50
Water Aid,48
Local  technician,47
KUWAIT,47
WORLD BANK,47
Miziriol,46
KA,46
MLADE,46
District water depar,46
Plan Internationa,46
SOLIDAME,45
Local,45
SHAWASA,45
Water Aid /sema,44
Ga,42
VILLAGE COUNCIL,42
TDFT,42
JANDU PLUMBER CO,41
CBHCC,41
MWE &,40
GRUMETI,39
KUWASA,38
KILI WATER,38
SHY BUILDERS,37
JBG,37
KIDP,36
RED CROSS,36
BSF,35
MBIUWASA,35
HAPA SINGIDA,34
Ch,34
Tanzania Government,33
KKT,33
FINN WATER,33
SI,33
MUWASA,33
Wananchi,32
TUWASA,32
KIUMA,32
VTECOS,32
HOLLAND,31
TANAPA,31
Msabi,31
WATERAID,31
LOCAL CONTRACT,31
The desk and chair foundat,31
Accra,30
Kokeni,30
KAEMP,30
Happy watoto foundation,30
WB,30
Kalta,30
PADEP,29
FinWater,29
Swiss If,29
Po,29
ABASIA,29
CCEC,29
Do,29
Jica,28
Rhobi,28
Gwasco L,28
UN,27
COCANE,27
ERETO,27
HW/RC,27
Local technician,27
GOVERN,27
CJEJOW CONSTRUCTION,27
WD and ID,26
BESADA,26
Active MKM,26
Hans,25
Kilwater,25
JUIN CO,25
ICS,25
TAWASA,25
IFAD,25
Af,25
Serikali,25
TAN PLANT LTD,25
GEOTAN,24
RIDEP,24
CONS,24
PET,24
CMSR,24
Individuals,24
JIKA,24
Mileniam project,24
Wo,24
not known,24
Kalitasi,24
WWF,23
Total land care,23
KYASHA ENTERPR,23
NYAKILANGANI CO,23
ILCT,23
VIFAFI,23
Ce,23
TREDEP,23
MTUWASA,23
Korogwe water works,23
Halmashauri,23
TA,22
Cosmo,22
Ndanda missions,22
MARAFIP,22
Sabodo,22
CONCERN,22
Hydrotec,22
Care international,22
Fathe,22
Save the rain USA,21
Consuting Engineer,21
W/,21
BGM,21
NORA,21
RCchurch/CEFA,21
Jicks,21
CIPRO/Government,21
Islamic,20
KADP,20
WORLD VISION,20
Sekei village community,20
UDC/Sema,20
SINGIDA YETU,20
CG,19
Makonde water population,19
ADP,19
Maswi company,19
Kuamu,19
MA,19
Orien,19
SOWASA,19
private,19
KIM KIM CONSTRUCTION,19
Mi,18
Concern,18
JANDU PLUMBER  CO,18
IDYDC,18
EFG,18
P,18
Adra/ Community,17
Chur,17
DADS,17
MAJI MUGUMU,17
Not known,17
UKILIG,17
Mbunge,17
central government,17
TASAF/DMDD,17
Plan Int,17
Sumbaw,17
Tanz,17
CITIZEN ENGINE,17
QUWKWIN,17
Mkuyu,17
SDA,16
ISF/Government,16
BRUDER,16
Finland Government,16
Ruthe,16
MSF,15
US Embassy,15
Naishu construction co. ltd,15
WFP,15
RWE /Community,15
hesawa,15
Cefa,15
Grobal resource alliance,15
LIVI,15
Village Community,15
Regional Water,15
Ja,15
Mackd,15
TAHEA,15
The I,15
Tasaf,15
TPP TRUSTMOSHI,15
FPCT,14
Sao,14
ADP Busangi,14
Water Aid/sema,14
SIA Ltd,14
Olgilai village community,14
AD,14
Roman Church,14
RC church/Central Gover,14
Ma,14
RC Churc,14
CENTRAL GOVERNMENT,14
Living water international,14
RW,14
MAMAD,13
Kiliflora,13
villagers,13
WOULD BANK,13
Nandra Construction,13
Phase,13
Mw,13
Mviwa,13
SAXON,13
DWE},13
Pet Corporation Ltd,13
Inter,13
RWSP,13
District Counci,13
BENGUKA,13
QWICKWIN,13
Rotary club,13
ISF/TACARE,13
Water Project Mbawala chini,13
MINISTRY OF WATER,13
The Isla,13
Village community,13
Canop,13
VILLAG,13
Mpang,13
MSF/TACARE,13
WSDP,13
Killflora/ Community,12
Vill,12
RC C,12
DWR,12
Water Aid/Sema,12
Unicef,12
Canada na Tanzania,12
World Vission,12
Halmashauri ya manispa tabora,12
Consultant,12
Cosmos Engineering,12
DALDO,12
Goldstar,12
PRF,12
Jeica,12
DISTRICT COUNCIL,12
HAM,12
UNHCR,12
W,12
World bank,11
Msikiti,11
PIDP,11
Mosque,11
Consultant Engineer,11
Karugendo,11
Conce,11
Exaud Msambwa,11
DAK,11
ML appro,11
AI,11
Mamlaka ya maji ngara,10
secondary,10
SIJM,10
LAMP,10
TAG,10
SUWASA,10
Gwaseco,10
KkKT,10
Rips,10
D,10
KKKT-Dioces ya Pare,10
Maswi,10
IDEA,10
SONGAS,10
HAPA,10
Ardhi water well,10
AUWASA,10
ATIGH BUILDINGS,10
KMCL,10
RUDEP/,10
KWIKWIZ,10
CHINA HENAN CONTRACTOR,10
Songa,10
WATER  AID,10
Milenia,10
AIC,10
Nice,10
SULEMAN IDD,10
Gain,10
Serikali ya kijiji,10
Japan,9
Dr. Matomola,9
RUDEP,9
Kalago enterprises Co.Ltd,9
REGIONAL WATER ENGINEER ARUSHA,9
Kilwa company,9
Redep,9
Victoria,9
ACTIVE TANK CO,9
Singida General  Supplies  Ltd,9
MISSION,9
VILLAGERS,9
Healt,9
Roman Catholic Rulenge Diocese,9
Kalumbwa,9
WILLIAMSON DIAMOND LTD,9
Ubalozi wa Marekani,9
CARTAS,9
IDARA,9
Ministry of water engineer,9
Ubung,9
CCT,9
Mzinga A,9
AMP contractor,9
No,9
European Union,9
GERMANY MISSIONARY,9
Ikela Wa,9
AIMGOLD,9
Action Contre La Faim,8
Contr,8
WUA,8
REDESO,8
TLTC,8
Institution,8
Killflora /Community,8
Rhoda,8
I.E.C,8
BR,8
lutheran church,8
Council,8
Moroil,8
Belgiam Government,8
MI,8
DO,8
Roman Cathoric Same,8
PIT COOPERATION  LTD,8
Roman Cathoric -Kilomeni,8
PCI,8
DUWAS,8
Bulyahunlu Gold Mine,8
Village Government,8
RWE/ Community,7
DWE/,7
Kigoma municipal,7
SAUWASA,7
KONOIKE,7
Makonde,7
RUDE,7
Rundu man,7
LVA Ltd,7
EL,7
Mianz,7
COSMOS ENG LTD,7
COUN,7
Germany,7
Mileniam,7
Konoike,7
KTA C,7
RWE/Community,7
Concern /government,7
Lawate fuka water su,7
MLAKI CO,7
VILLAGE COUNCIL Orpha,7
MWS,7
ANGRIKANA,7
SEMA CO LTD,7
Village,7
SIMBA CO,7
Save the rain,7
SHULE,7
Sangea District Coun,7
Baric,7
Village govt,7
MACK DONALD CONTRACTOR,7
Cons,7
Summit for water/Community,7
DCT,7
SAXON BUILDING CONTRACTOR,7
Wanjoda,6
District COUNCIL,6
LENCH,6
Kanisa,6
Islam,6
SCOTT,6
DARDO,6
SHUWASA,6
Ncaa,6
Cental Government,6
Sanje Wa,6
Songea District Coun,6
Clause workers,6
WEDECO/WESSONS,6
Tanapa,6
AMP Contracts,6
YUMBAKA ENGINEERING,6
DASIP,6
RE,6
Oikos E. Africa,6
CIPRO/CARE/TCRS,6
Marafip,6
Shule,6
AMP Contract,6
MS,6
MBOMA,6
Mzungu Paul,6
NORAD/,6
NANRA contractor,6
KIMKUM,6
MANYARA CONSTRUCTION,6
MIDA,6
AFRICAN DEVELOPMENT FOUNDATION,6
kuwait,6
Maji block,6
Muslims,6
MDALA Contractor,6
Morovian church,6
ADRA /Government,6
TASAF/,5
Lga,5
Linda,5
Plan International,5
Pata,5
Tanzania,5
Total landcare,5
VICTORIA DRILL CO,5
Mombo urban water s,5
T. N. karugendo,5
MAKAMA CONSTRUCTION,5
Tabraki,5
GIDA contractor,5
Luthe,5
Oikos E.Afrika,5
ELCT,5
Red Cross,5
TWESA /Community,5
TRUST,5
Gold star,5
TRIDEP,5
TRACHOMA,5
Water aid /sema,5
Greec,5
BILILA,5
Masjid,5
EA,5
BFFS,5
KASHWA,5
RUNDAGA,5
KINAPA,5
OBC,5
RC/Mission,5
MGM,5
St ph,5
Wasso,5
secondary school,5
Rotary Club,5
KKT C,5
MASWI DRILL,5
DESK C,5
Atlas Company,5
Musa,5
DBSPE,5
Tulawaka Gold Mine,5
ANGLI,5
ADB,5
TANAP,5
CPRO,5
Victoria company,5
Kirdep,5
Roman Catholic,5
Water  Aid/Sema,5
Kanisa katoliki,5
GAICA,5
MEM,5
DADS/village community,5
Counc,5
Consultant and DWE,5
CSPD,5
IDC,5
Wanan,5
WE,5
W.C.S,5
China,5
Chiko,5
Cebtral Government,5
Rished,5
VTTP,4
Runduman,4
Mbozi District Council,4
OLDONYOLENGAI,4
COMMU,4
Roman Ca,4
TANZAKESHO,4
MSIKIT,4
Cast,4
Caltas,4
DEE,4
TCRS /CARE,4
Africa,4
T,4
Wasso companies,4
Amboni Plantation,4
Concen,4
Uhai wa mama na mtoto,4
UN ONE,4
Bridge north,4
Nyamongo Gold mining,4
Village Counil,4
Free Pentecoste Church of Tanz,4
GEOCHAINA,4
Totoland care,4
Zacharia MTN,4
Saleh Zaharani,4
Mwanga town water authority,4
Church,4
UMOJA DRILLING,4
AF,4
Marti,4
Atisan,4
HIAP,4
Magadini Makiwaru wa,4
Village  Council,4
GRUMETI SINGITA,4
local fundi,4
Maji tech Construction,4
Makonde water supply,4
Serengeti District concil,4
Oikos E.Africa,4
Caltus,4
JUIN,4
Howard and humfrey consultant,4
MINISTRYOF WATER,4
AAR,4
IREVEA SISTER,4
LONGIDO SEC SCHOOL,4
Lutheran Church,4
KK,4
KOWI,4
world,4
Ruangwa contractor,4
JLH CO LTD,4
JAICA CO,4
MASWI,4
KOICA,4
Local technical tec,4
Losa-kia water suppl,4
Loliondo Parish,4
OLA,4
RC CH,4
ADAP,4
TGTS,4
Padep,4
Diocese of Geita,4
Dr. Matobola,4
District  Council,4
Tabora Municipal Council,4
TWESA/ Community,4
TUMAINI FUND,4
CHINA,4
PATUU,4
CARTAS Tanzania,4
TCRS Kibondo,4
AUSTRALIA,4
Quick win project,4
R.C,4
TCRS/TLC,4
EFAM,4
W.D &,4
People P,4
COBASHEC,3
Indi,3
In,3
Anglican Church,3
Anglican church,3
CHENI,3
FLORESTA,3
Consulting engineer,3
Geita Goldmain,3
Ardhi Instute,3
Eliza,3
Engin,3
Ifakara,3
CIPRO/CARE,3
Enyueti,3
Hydom Luthelani,3
RC CATHORIC,3
Bobby,3
-,3
KEREBUKA,3
PAD,3
PART,3
Plan Tanzania,3
Presadom,3
Water Department,3
LINDALA CO,3
RURAL WATER SUPPLY,3
LGCDG,3
RUVUMA BASIN,3
Rc,3
Roman catholic,3
GREINAKER,3
F,3
Hindu,3
JAPAN EMBASSY,3
Halmashauri ya wilaya,3
Rotte,3
Gtz,3
Africa Islamic Agency Tanzania,3
Dwe,3
DBFPE,3
Italy government,3
Dr.Matobola,3
GACHUMA GINERY,3
British colonial government,3
Buguba,3
Ha,3
Hospi,3
Belgij,3
Halmashauri ya mburu,3
Dhinu,3
GOVERM,3
ADRA/Government,3
Halmashauri/Quick win project,3
Building works Company Ltd,3
ACORD,3
CARITAS,3
FiNI WATER,3
Inves,3
FURAHIA TRADING,3
Halmashauli,3
ISSAC MOLLEL,3
CJEJOW,3
GOVERNME,3
GRA,3
Jeshi la wokovu,3
Rombo Dalta,3
BioRe,3
L,3
UYOGE,3
Unknown,3
Kaluwike,3
Kaembe,3
TASSAF /TCRS,3
TCRS /Government,3
Ungan,3
USTAWI,3
Lutheran,3
Tanesco,3
MINJINGU,3
shule,3
MAKE ENGINEERING,3
YEBE CHIKOMESH,3
OIKOS,3
TANROAD,3
TANAS,3
KMT,3
U.S.A,3
TAG CHURCH,3
VICTORIA DRILL,3
Vi,3
Villager,3
Village council,3
Singasinga,3
Kibaha Town Council,3
KOBERG Contractor,3
WVC,3
Selous G,3
TPP,3
KYASHA ENTREPR,3
Tanzanian Government,3
Ns,3
Tanz Egypt technical coopera,3
Ngiresi village community,3
Maendeleo ya jamii,3
Nduku village,3
Rural Drinking Water Supply,3
Wasso contractors,3
SIDA,3
SIMAVI,3
STAMPERS,3
SW,3
Oldadai village community,3
Locall technician,3
Oikos E Africa,3
World banks,3
MTUWASA and Community,3
MWAKI CONTRACTOR,3
morovian church,3
sengerema Water Department,3
MCHOME,3
Miomb,3
Nassor Fehed,3
Maji Tech,3
NYAKILANGANI CONSTRUCTION,3
NG,3
Rural,3
Zao water spring,3
Mombo urban water,3
Sacso,3
MASWI DRILLING,3
Milenium,3
MAZI INVESTMENT,3
Mchuk,3
ir,3
DENISH,2
DE,2
S,2
DDP,2
Henure Dema,2
DDCA CO,2
DASSIP,2
SCHOOL,2
SENAPA,2
DMK,2
SERENA,2
Rotar,2
Bokera W,2
Roman Cathoric -Same,2
Comunity,2
Colonial Government,2
UDC/sema,2
School,2
Townsh,2
Totoland,2
Total land Care,2
Tom,2
DASP,2
Tempo,2
SHIP,2
Word Bank,2
DANNY,2
Water users Group,2
CCPS,2
local technician,2
local  technician,2
gwitembe,2
YELL LTD,2
APM,2
AQAL,2
World Division,2
AQUARMAN DRILLERS,2
ASDP,2
Water aid/sema,2
DADS/Village community,2
Adam,2
Africa Amini Alama,2
Bingo foundation,2
UNDP,2
UMOJA DRILLING CONSTRUCTION,2
Compa,2
Concern/Government,2
Cultus,2
SOLIDERM,2
DADP,2
Tanganyika Basin,2
Islamic Agency Tanzania,2
CHANI,2
TLC/John Majala,2
Judge Mchome,2
INDIVIDUAL,2
K,2
Ilolangulu water supply,2
Kyariga,2
ACTIVE TANK CO LTD,2
KILL WATER,2
Laramatak,2
MASWI CO,2
IRC,2
IRAN GOVERN,2
INDIVIDUALS,2
IADO,2
KOREA,2
LIUWASSA,2
Individual,2
MD,2
Kata,2
India,2
Ko,2
JHL CO LTD,2
MDRD_,2
Kilomber,2
JAWABU,2
Hospital,2
KIBO,2
Secondary,2
CHRISTIAN OUTRICH,2
TCRS /TWESA,2
CIP,2
CIPRO,2
COEK,2
TASA,2
COMMUNITY,2
TAG Patmo's,2
Calvary connection,2
Selikali,2
MINISTRY OF EDUCATION,2
Juma Maro,2
RSSP,2
KKKT DME,2
LIPS,2
ITALI,2
Kilolo Star,2
MBWAMBO,2
Kijiji,2
LION'S,2
MBULI CO,2
Jika,2
AFRICA,2
Kkkt,2
rc church,2
North,2
Governme,2
Government and Community,2
Mh Kapuya,2
Mdala Contractor,2
Green,2
Mataro,2
Gwasco,2
Martha Emanuel,2
Maro,2
HDV,2
Foreigne,2
Machibya,2
HPA,2
Halmashauri wilaya,2
MTC,2
MSABI,2
MP,2
MMG GOLD MINE,2
MLAKI  CO,2
Hanja Lt,2
Missio,2
Missionary,2
George,2
Makuru,2
KARUMBA BUILDING COMPANY LTD,2
Niger,2
Fin water,2
AC,2
FINLAND,2
FOLAC,2
Faudh Tamimu,2
FPTC,2
Efarm,2
P.N.R.,2
REDAP,2
Resolute,2
Railway,2
DWT,2
RWE Community,2
REGWA COMPANY OF EGYPT,2
REGWA COMPANY OF EGPTY,2
Diwani,2
RC church,2
PMO,2
Quik,2
ENO,2
Q-sem Ltd,2
Edward,2
Egypt Government,2
Elias Mahemba,2
Msiki,2
ESAWA,2
Neemia mission,2
WEDEKO,2
WB / District Council,2
W.D. and I.D.,2
Ar,2
W.B,2
Village water committee,2
DODDEA,2
Village government,2
Athumani  Janguo,2
Villaers,2
VW,2
VITECOS,2
VILLAGER,2
VICKFI,2
VICFISH LTD,2
UNIVERSAL CONSTRUCTION,2
Wajerumani,2
African Realief Committe of Ku,2
African Muslims Age,2
Africa Muslim Agenc,2
wizara ya maji,2
Nampopanga,2
stansilaus,2
water board,2
Anglican,2
VIEN CONSTRUCTION,2
WINNIN SPIRIT CO,2
GREINEKER,2
NYAKILANGANI,2
WINNIN SPIRIT CO LTD,2
Nampapanga,2
Roma,2
NSC,2
NIRAD,2
N.P.R.,2
Mzung,2
Mwita Muremi,2
Mwigicho,2
NDDP,2
GURUMETI SAGITA,2
DCCA,2
Amec,2
Africare,2
DSV,2
Arabs Community,2
Naishu Construction Co. ltd,2
Muham,2
GURUMETI SAGITA CO,2
Municipal,2
DW E,2
Heri mission,1
Hesewa,1
Hanja,1
Hesawz,1
Hasawa,1
MH Kapuya,1
MORNING CONSTRUCTION,1
MIAB,1
MECO,1
MISHENI,1
Hemed Abdallah,1
MTAMBO,1
Hasnein Murij,1
Hemed Abdalkah,1
HesaWa,1
MSIGWA,1
MOSES,1
MOSQUE,1
MP Mloka,1
MREMI CONTRACTOR,1
Handeni Trunk Main,1
Hilfe Fur Bruder,1
Hamisi Fidia,1
Hamis Makombo,1
MSIKITI,1
MSJI MUGUMU,1
MSUKWA CONSTRUCTION COMPANY,1
Makonde water Population,1
HASHI,1
MKONG CONSTRUCTION,1
HAIDOMU LUTHERAN CHURCH,1
MKON CONSTRUCTION,1
Halmashauri ya manispa  tabora,1
MKONGO BUILDING CONTRACTOR,1
MBIUSA,1
HESAWZ,1
Maerere,1
HOLAND,1
Madra,1
MUSLIMEHEFEN INTERNATIONAL,1
Holili water supply,1
MW,1
MKONGO CONSTRUCTION,1
MWAKI CONTRACTO,1
MBULU DISTRICT COUNCIL,1
Halimashauli,1
MASWI DRILLING CO. LTD,1
MWL NGASSA,1
Mbusi Mwita,1
HESAWS,1
Magani,1
HESAWQ,1
Magul,1
Magutu Maro,1
Mahemba,1
Mahita,1
HESAW,1
HEESAW,1
MASWI COMPANY,1
Makala,1
Makanya Sisal Estate,1
HAYDOM LUTHERAN HOSPITAL,1
MTUI,1
MBUZI MAWE,1
Government /Community,1
Hearts helping hands.Inc.,1
Max Mbise,1
Manyovu Agriculture Institute,1
Great Lakes,1
Mama Kapwapwa,1
MasjId Takuar,1
Manyota primary School,1
HAAM,1
Mambe,1
Mamaz,1
Mama joela,1
Mama Kalage,1
Mbozi Secondary School,1
Mama Hamisa,1
Mama Agnes Kagimbo,1
Maliasili,1
Males,1
Malec,1
Makusa,1
HOTELS AND LOGGS TZ LTD,1
Mara inter product,1
H4CCP,1
Marijan Ally Dadi,1
Mark,1
Marke,1
Huches,1
MASU COMPANY,1
MASAI LAND,1
Marumbo Community,1
Maseka community,1
Masele Nzengula,1
Masese,1
Mashaka M,1
Icf,1
Noshadi,1
SIMBA LODGE,1
Makundya,1
Makoye,1
Mamvua Kakungu,1
Megis,1
Mbozi Hospital,1
Hussein Ayubu,1
Mayiro,1
Matyenye,1
Makori,1
Matogoro,1
Matiiti,1
MARAFIN,1
Maswi drilling co ltd,1
Grobal resource  alliance,1
Maswi Company,1
Mbwiro,1
Grail Mission Kiseki bar,1
MANGO TREE,1
Member of Perliament Ahmed Ali,1
Humfreys Co,1
Meru Concrete,1
Mgaya,1
Mgaya Masese,1
Mgaya Mwita,1
MANDIA CONSTRUCTION,1
Mh.chiza,1
Government/TCRS,1
Government of Misri,1
Government /World Vision,1
Government /TCRS,1
Government /SDA,1
Ministry of water,1
Grumeti fund,1
Masjid Nnre,1
HOWARD HUMFREYS,1
Netherlands,1
MAISHULE,1
MAJI TECH,1
Morovi,1
Gerald Mila,1
Moravian,1
Monmali,1
Gesine,1
ICAP,1
Got,1
Howard and Humfrey Consultants,1
Missionaries,1
ICF/TWESA,1
Goldwill  foundation,1
Mr Chi,1
Mketo,1
Mkuluku,1
Morovian,1
Morovian Church,1
Gerald,1
Morrov,1
Morrovian,1
Moshono ADP,1
George mtoto company,1
Mosqure,1
Motiba Manyanya,1
Moyowosi,1
George mtoto,1
Mpango wa Mwisa,1
M and P,1
M,1
Mwita Lucas,1
Namungo,1
Nathal Hamadi,1
Goldmain,1
Mohamad Masanga,1
Mohamed Ally,1
Muslimu Society(Shia),1
DWE/Anglican church,1
Mr Kwi,1
MAIVARU,1
Msig,1
Msagin,1
MAJ MUGUMU,1
Mrish,1
Mr Sau,1
Muhindi,1
Muhochi Kissaka,1
Mungaya,1
IN,1
Municipal Council,1
MACK DONALD CO LTD,1
Muwaza,1
Mombo urban  water,1
GRUMET,1
GRUMENTI,1
Mwakabalula,1
Mwalimu  Muhenza,1
Mwalimu  Muhenzi,1
Mwamama,1
Mwamvita Rajabu,1
Mwanamisi Ally,1
Mwananchi Engineeri,1
Mr Luo,1
Mr Kas,1
Misana george,1
Mkulima,1
Getekwe,1
GD&ID,1
Nassan workers,1
Nasan workers,1
NGINIL,1
Mzee Salum Bakari Darus,1
Mzee Smith,1
Mzee Waziri Tajari,1
Mzee Yassin Naya,1
Mzungu,1
GRA TZ MUSOMA,1
Luleka,1
NAFCO,1
Luka,1
Losakia water supply,1
NYAHALE,1
NDM,1
NDRDP,1
IS,1
NGO,1
Mwl.Mwita,1
NGO'S,1
ISF / TASAFF,1
NJOONJOO,1
NMDC INDIA,1
GLOBAL RESOURCE CONSTRUCTION,1
GLOBAL RESOURCE CO,1
GGM,1
ISF and TACARE,1
NSSF,1
Misri Government,1
Governmen,1
Noshad,1
MWANZA,1
HOTEL AND LODGE TANZANIA,1
Mzee Omari,1
Mwl. Nyerere sec.school,1
Napupanga,1
Nerthlands,1
GDP,1
ISSAC MOLLEl,1
Mwita Machoa,1
Local technitian,1
Naishu construction co.ltd,1
GERMAN,1
ISSAA KANYANGE,1
NZILA,1
GERMAN MISSIONSRY,1
Natio,1
Local technical,1
Nchagwa,1
GACHUMA CONSTRUCTION,1
G.D&I.D,1
Ng'omango,1
Mwl. Nyerere sec. school,1
Ngelepo group,1
Friend from UN,1
Friedkin conservation fund,1
Local l technician,1
Nimrod Mkono[mb],1
Njula,1
Frida mokeki,1
IUCN,1
Norani,1
GETDSC00,1
NYAKILANGANI  CO,1
Localtechnician,1
Luali Kaima,1
Mwita Mahiti,1
Rashid Seng'ombe,1
Ox,1
Recoda,1
Nyabweta,1
Nyeisa,1
FinWate,1
Idara ya Maji,1
Nu,1
Nyabarongo Kegoro,1
Nyabibuye Islamic center,1
FRANKFURT,1
Paffec,1
Nyakaho Mwita,1
Nyamasagi,1
Nyamingu subvillage,1
Fin Water,1
Nyamwanji,1
Nyangere,1
Nyitamboka,1
O,1
O &,1
Filber,1
ODA,1
Livi,1
Lions club kilimanjaro,1
Farm Africa,1
OLOMOLOKI,1
OLS,1
OMARY MONA,1
ONESM,1
Fabia,1
Lion's club,1
Obadia,1
FRESH WATER PLC ENGLAND,1
PWD,1
Nyanza road,1
Nyakilanganyi,1
RC Msufi,1
FIDA,1
Othod,1
Others,1
Orphanage,1
FINI Water,1
Onesm,1
FPCT Church,1
Omari Mzee,1
Omar Rafael,1
Omar Ally,1
Li,1
Lindi contractor,1
Okong'o,1
FILEX MUGANGA,1
Igolola community,1
FAUSTINE,1
Lion's,1
FARM-AFRICA,1
FAO,1
Leopad Abeid,1
Ester Ndege,1
Ilaramataki,1
Enyuati,1
PIUS CHARLES,1
PNR Da,1
PNR co,1
Latifu,1
PRINCE MEDIUM SCHOOL,1
PRIV,1
PRIVATE INSTITUTIONS,1
Lindi rural water department,1
Engarasero villagers,1
QUIK,1
Rc Mission,1
Pentecostal church,1
Pet Coporation Ltd,1
Pet  Corporation  Ltd,1
Perusi Bhoke,1
People from Egypt,1
Emmanuel Kiswagala,1
Pentekoste,1
Pentecosta,1
Quick win/halmashauri,1
Pentecost church,1
Paul,1
Patrick Nyanzwi,1
Emmanuel kitaponda,1
Paskali,1
Panone,1
Pet corporation Ltd,1
Privat,1
Peter Mayiro,1
Petro Patrice,1
Piscop,1
Elius Chacha,1
Elina,1
Laizer,1
Egypt Technical Co Operation,1
LWI &CENTRAL GOVERNMENT,1
Pori la akiba kigosi,1
Ilwilo community,1
LUWASSA,1
Prima,1
Primo,1
Eastmeru medium School,1
Msudi,1
Embasy of Japan in Tanzania,1
EWE,1
Private Technician,1
R,1
Quick win project /Council,1
ENGINEERS WITHOUT BORDER,1
LOOCIP,1
LUKE SAMARAS LTD,1
QUKWIN,1
QUICKWINS,1
Pankrasi,1
LUNGWE,1
Pump entecostal Sweeden,1
Prof. Saluati,1
Private person,1
Private owned,1
Private individuals,1
Qwick Win,1
EMAYO,1
Private company,1
EMANDA BUILDERS,1
RC .Church,1
EMANDA,1
ELCA,1
EGYPT REGWA,1
EGYPT,1
RC CHURCH BROTHER,1
EF,1
ECO LODGE,1
E ETO,1
RC MISSION,1
RC MISSIONARY,1
RC Mi,1
RC Mis,1
Overland High School,1
Ongan,1
Not kno,1
Indiv,1
Distric Water Department,1
RESOLUTE MINING,1
Dydrotec,1
RC mission,1
LOLMOLOKI,1
Dr.Matomola,1
RDDC,1
RC Njoro,1
RWE/TCRS,1
RDWS,1
Dokta Mwandulami,1
LIZAD,1
REDEP,1
District Community j,1
RO,1
ROMAN CATHOLIC,1
KASHERE,1
Dina,1
Di,1
Deus Ndege,1
Desk and chair foundation,1
Deogra,1
Dawasco,1
Dar es salaam Technician,1
Daniel,1
Insititutiona,1
Danda,1
DWW,1
LGQ,1
Robert kampala,1
LEI,1
REGWA,1
REGWA Company,1
Domnik,1
Region Water Department,1
DWE/TASSAF,1
Raymond Ekura,1
Raurensia,1
Rashid Mahongwe,1
RWET/WESA,1
Raramataki,1
Ramadhani Nyambizi,1
Ramadhani M. Mvugalo,1
Institutional,1
DWE/Ubalozi wa Marekani,1
DWEB,1
Red cross,1
DWE&,1
Regina group,1
Region water,1
LOMOLOKI,1
DWE /TASSAF,1
DWE & LWI,1
Regwa Company,1
Internal Drainage Basin,1
DW$,1
Rhobi Wamburs,1
DW#,1
Richard M.Kyore,1
Rilayo water project,1
International Aid Services,1
DV,1
Robert Mosi,1
RWI,1
RWEDWE,1
Romam,1
DBSP,1
DAWASA,1
S.P.C Pre-primary School,1
DSP,1
LC,1
DMMD,1
DMDD/SOLIDER,1
DIWANI,1
DIOCESE OF MOUNT KILIMANJARO,1
Rombo delta,1
Kwasenenge Group,1
DIMON,1
Rotary Club of Chico and Moshi,1
Rotary Club of USA and Moshi,1
DHV Moro,1
Rotary club Australia,1
Rotery c,1
DFID,1
Rotary club kitchener,1
Rps,1
DEW,1
Rudri,1
DESK a,1
RunduMan,1
DESK A,1
Kwamdulu estate,1
Kuweit,1
Rural Drinkung Water Supply,1
Rural water Supply,1
Rusumo Game reserve,1
DDSA,1
Kuwaiti,1
RC church/CEFA,1
DSPU,1
SADIKI KANGELO,1
DAWE,1
SERONERA,1
SELEPTA,1
SDP,1
SDA CHURCH,1
J LH CO LTD,1
Italian government,1
LDEP,1
SCHOO,1
SAXON BUILDING CONTRACTORS,1
Issa Mohamedi Tumwanga,1
SAXON  BUILDING CONTRACTOR,1
Kuji foundation,1
Islamic community,1
SEMA Consultant,1
SERENS,1
J mal Abdallah,1
SAFARI CAMP,1
Kizenga,1
Kiwanda cha Ngozi,1
SHIPO CONSTRUCTORS,1
Hery,1
Kitukuni water supply,1
DANNIDA,1
DANIDS,1
DANIDA CO,1
DANIAD,1
DADS/village Community,1
Kitiangare village community,1
SIMBA,1
J. Mc,1
SAIDI CO,1
Msuba,1
CHRISTAN OUTRICH,1
Mtewe,1
Safari Roya,1
Sakwidi,1
Saidi Halfani,1
Said Omari,1
Said Hashim,1
Sagaswe,1
Safe Rescue Ltd,1
Company,1
CONCE,1
Colonial government,1
Sa,1
JACKSON MAHAMBO,1
SUNAMCO,1
SUMO,1
Conta,1
Salehe,1
Salum Tambalizeni,1
Samsoni,1
Samwel,1
Samweli,1
Samweli Kitana,1
Shule ya msingi,1
Shule ya sekondari Ipuli,1
TCRS /DWE,1
TANCAN,1
TANZANIAN GOVERNMENT,1
Kikom,1
COMMUNITY BANK,1
TANGA CEMENT,1
TANEDAPS Society,1
TANCRO,1
COMPASION INTERNATIO,1
SUA,1
Coun,1
STABEX,1
Shamte Said,1
Schoo,1
Scholastica Pankrasi,1
Cida,1
Kiliwater r,1
Chuo,1
Christopher,1
Sent Tho,1
Seram,1
Christina Magoge,1
Chinese,1
Charlotte Well,1
Serikari,1
Sh,1
Shallow well,1
Shekhe,1
SSU,1
Shelisheli commission,1
Shingida yetu,1
Chama cha Ushirika,1
Chacha Issame,1
Claver,1
College,1
Kilol,1
JALCA,1
D$L,1
SOLIDARM,1
Kinga,1
Kindoroko water project,1
Crety,1
SPAR DRILLING,1
Simango Kihengu,1
COW,1
K/Primary,1
Staford Higima,1
Carmatech,1
Subvillage,1
Sua,1
Steven Nyangarika,1
Stephano Paulo,1
Stephano,1
Cathoric,1
COWI,1
CVS Miss,1
St Magreth Church,1
St Elizabeth Majengo,1
Centra Government,1
Sophia Wazir,1
Centra govt,1
Care  international,1
Sumry,1
Swalehe Rajabu,1
Sweeden,1
Camartec,1
Kilimarondo Parish,1
USA EMBASSY,1
Baadela,1
Bhoke Mwita,1
ANSWAR,1
Yoroko mwalongo,1
Yohanis Mgaya,1
Yasini Selemani,1
Yasini,1
Yakwetu Contractor,1
ANGLIKANA CHURCH,1
KAEM,1
Songas,1
Central basin,1
Socie,1
Kidika,1
TAIPO,1
COYI,1
CRAELIUS,1
COEW,1
TASAF 1,1
TASAF and Comunity,1
TASAF and MMEM,1
Kigwa,1
COCU,1
TASAF/TLC,1
TASAFcitizen and LGA,1
USAID,1
TASF,1
JESHI LA WOKOVU,1
TASSAF/ TCRS,1
Siza Mayengo,1
TASSAF/TCRS,1
CJEJ0,1
TBL,1
Kibo potry,1
CRISTAN OUTRICH,1
TACRI,1
CRS,1
St Gasper,1
Simon Lusambi,1
Chacha,1
Cetral government /RC,1
Singida yetu,1
Sisal Estste Hale,1
Sister makulata,1
JANDU,1
School Adm9nstrarion,1
School Adminstrarion,1
TMP,1
TRC,1
Kapelo,1
CHELA,1
JSICA,1
TOVE,1
TECH SUPPORT BEST CO,1
TGT,1
Shule ya msingi ufala,1
TMN,1
CGI,1
CHINA Co.,1
TLC/Thimotheo Masunga,1
CHONJA CHARLES,1
TZ as,1
TINA/Africare,1
CH,1
TLC/Sorri,1
Taes,1
Ta,1
Jacks,1
UAACC,1
Boni,1
Tumaini fund,1
Bonite Bottles Ltd,1
Jackson Makore,1
Brad,1
Britain,1
Jafary Mbaga,1
British,1
Kamama,1
Total Landcare,1
TLC/Seleman Mang'ombe,1
TLC/Samora,1
TLC/Nyengesa Masanja,1
Kanisani,1
TCRS/CARE,1
TCRS/DWE,1
CEFA/rc church,1
CF Builders,1
TUKWARE ENTERP,1
CG/RC,1
TWENDE PAMOJA,1
TUKWALE ENTERP,1
TSRC,1
TSCR,1
TCRS/ TWESA,1
TCRS.TLC,1
TCRS/ TASSAF,1
CDT,1
TCRS/village community,1
Kassim,1
CCPK,1
TWESA/Community,1
TCRS a,1
TWESA/JAMII,1
TWESS,1
TWIG,1
TCRS TWESA,1
TCRS/TWESA,1
CHANDE CO,1
TLC/community,1
CHINA HENAN CONSTUCTION,1
THREE WAY GERMAN,1
TLC/Emmanuel Kasoga,1
TLC/Jenus Malecha,1
Kamata project,1
Thomasi busigaye,1
Theo,1
Tarangire park,1
Taboma/Community,1
Tanz/Egypt technical coopera,1
C,1
The Co,1
JWTZ,1
Teresa Munyama,1
Teonas Wambura,1
Kando,1
Team Rafiki,1
Te,1
Tasaf and Lga,1
Tareto,1
Tanzania Egypt Technical Co Op,1
Building works engineering Ltd,1
Buruba,1
Kanisa la TAG,1
Tanzania/ Egypt,1
Tanzania government,1
Busoga trust,1
CHURC,1
METHODIST CHURCH,1
JI,1
Secondary school,1
Seleman Masoud,1
Sekondari,1
Church Of Disciples,1
Seif Ndago,1
Segera Estate,1
Seff Mtambo,1
JAPAN,1
CCP,1
Tadeo,1
Kalugendo,1
UMOJA DRILLING CONTRACTOR,1
UDEA,1
British government,1
Kajima,1
Billy Phillips,1
UPM,1
Kagunguli Secondary,1
UNICRF,1
Kahema,1
Bingo foundation Germany,1
Jerem,1
Kalitesi,1
UN Habitat,1
Biore,1
UMOJA DRILLING CONTRUCTO,1
Japan Government,1
Taees,1
Birage,1
Kambi Migoko,1
Kanamama,1
Taasi,1
CARE/CIPRO,1
CALTAZ KAHAMA,1
CAP,1
Tansi,1
Tanload,1
JUINE CO,1
CARE,1
Tajiri Jumbe Lila,1
Tanza,1
Kauzeni,1
Word divisio,1
AQUA BLUES ANGELS,1
Mtwara Technician,1
VC,1
Jeshi la wokovu [cida],1
BUKUMB,1
BUMABU,1
KYELA_MOROGORO,1
Jeshi la Wokovu,1
VICF,1
Ubalozi wa Japani,1
WUS,1
Kagulo,1
Ubalozi wa Marekani /DWE,1
Barry A. Murphy,1
Bao,1
Bahresa,1
Jiks,1
VIFAF,1
BRA,1
VIFAI,1
BOMA SAVING,1
VILLAGE,1
BOAZI,1
VILLAGE COUNCIL .ODA,1
BKHWS,1
VILLAGE WATER COMMISSION,1
BIORE,1
Villages,1
Villi,1
Africa M,1
Amadi,1
Ahmad,1
WW,1
Al Ha,1
Babu Sajini,1
DADIS,1
Unknown Installer,1
Ardhi Water well,1
BAPTIST CHURCH OF TANZANIA,1
ViLLAGE COUNCIL,1
BATIST CHURCH,1
VWT,1
BEMANDA,1
Jimmy,1
KUMKUM,1
Arrian,1
Arisan,1
Village Govt,1
Village Office,1
Village Technician,1
Ardhi and PET Companies,1
Village community members,1
KU,1
Upendo Group,1
Ardhi Water Wells,1
Village local contractor,1
Village water attendant,1
John gemuta co,1
KOYI,1
Villagerd,1
John kiminda co,1
BESADO,1
VITECOS INVEST,1
Villege Council,1
Babu Sajin,1
V,1
Usambala sisters,1
Upendo primary School,1
Alex moyela,1
Altai Co. ltd,1
AQUA WEL,1
Arab community,1
WDECO,1
WDE,1
WBK,1
Ju,1
Anglikan,1
Anglikana,1
KORKONEL,1
WSSP,1
Aqwaman Drilling,1
Joseph nkunda,1
Aqual,1
WA,1
WINAMU CO,1
WADECO,1
WDP,1
Anglican Uganda,1
KOBERG,1
Juma,1
Juma Makulilo,1
WEEPERS,1
Anglica Church,1
American,1
WINAM  CONSTRUCTION,1
WINAM CO,1
WINAM CONSTRUCTION,1
SIPDO,1
DAR ES SALAAM ROUND TABLE,1
SINGIDA  YETU,1
Msikitini,1
MACK DONALD CONTRSCTOR,1
Mu,1
WAMBA,1
WASHIMA,1
WATER,1
Waitaliano,1
WIZARA,1
Amari,1
WOYEGE,1
Amboni plantation,1
Ambrose,1
WORLD NK,1
Jumaa,1
WWF/,1
Afroz Ismail,1
Jumanne,1
Wadeco,1
Wafidh,1
Waheke,1
Wahidi,1
KKKT Ndrumangeni,1
Ansnani Murij,1
Wamisionari wa Kikatoriki,1
Wamissionari wa kikatoriki,1
Africaone Ltd,1
Africaone,1
KKKT MAREU,1
Warento,1
KKKT Leguruki,1
KKKT Kilinga,1
WORDL BANK,1
Juma Ndege,1
Vodacom,1
WAMA,1
Angrikana,1
WATER  AIDS,1
BGSS,1
BAPTIST CHURCH,1
BABTEST,1
Water department,1
William Acles,1
Wedeco,1
Jumuhia,1
Water user Group,1
Water use Group,1
Water hu,1
Water boards,1
KURRP,1
Abdallah Ally Wazir,1
Water authority,1
Water AID,1
Adrs,1
Adam mualuaka,1
Water Aid/DWE,1
Wilson,1
Winkyens,1
Wizara  ya maji,1
Aartisa,1
Wizra ya maji na egypt,1
Jumuiya,1
Word,1
germany,1
KAGERA MINE,1
Water  Aid/Maji tech,1
rc ch,1
sengerema water Department,1
KDC,1
ACT,1
ACT MARA,1
salamu kita,1
KDPA,1
Adam Kea,1
KKKT Canal,1
Justine Marwa,1
care international,1
AQUA Wat,1
World Visiin,1
AQUA Wel,1
ZINDUKA,1
Zaburi and neighbors,1
ALLYS,1
Zao,1
ALIA,1
Zao water spring X,1
Zingibali Secondary,1
Zuber Mihungo,1
ambwene mwaikeke,1
anglican Uganda,1
brown,1
AIXOS,1
Water Authority,1
chacha,1
church,1
commu,1
desk and chair foundation,1
KISIRIRI ADP,1
Word bank,1
go,1
Active KMK,1
Jumanne Siabo,1
Action Aid,1
Water aid,1
Water Solution,1
Action Contre la Faim,1
Water Hu,1
ACTION AID,1
mzee mabena,1
plan int,1
malola,1
is,1
AGRICAN,1
inkinda,1
AIC KI,1
hesaw,1
AFRICA MUSLIM,1
local technical tec,1
KARUMBA BIULDIN,1
local technitian,1
lusajo,1
KIDIJAS,1
maendeleo ya jamii,1
magige,1
maji mugumu,1
marafip,1
mwita,1
mbeje,1
mchina,1
ms,1
muniko,1
mwakalinga,1
mwakifuna,1
Water /sema,1
KKKT Katiti juu,1
Benjamin,1
BALYEH,1
Athumani Issa,1
Atlas,1
B.A.P,1
Villag,1
joery magabe,1
john skwese,1
plan Int,1
wananchi technicians,1
peter,1
p,1
KARUMBA BIULDING COMPANY LTD,1
nchagwa,1
KC,1
KAYEMPU LTD,1
ter,1
unknown,1
upper Ruvu,1
villager,1
ABDUL,1
villigers,1
ABDALA,1
ABD,1
wasab,1
kegocha,1
KAWINGA,1
KARUMBA BIULDING CONTRACTOR,1
A.D.B,1
world banks,1
world vision,1
nandra Construction,1
mwita kichere,1
harison,1
kanisa,1
KILANGANI CO,1
local,1
lion's club,1
kw,1
AFRICAN REFLECTIONS FOUNDATION,1
Magoma ADP,1
